RT-2	fixed	05dc3c8c,d4753123	Lookalike hosts never resolve to a known provider namespace; custom endpoint overrides need project:settings:write (explanation, input-request-explanation tests).
RT-31b	fixed	05dc3c8c	Body endpoint override now covered by tests/input-request-explanation.test.ts.
AU-28	fixed	b0a28f86	Damaged vault item/request indexes and agent inbox now throw and stay untouched (vault-items, agent-mail tests).
AU-30	fixed	bf856738	Submission-port SMTP now sets requireTLS unless the relay is on this machine (tests/email.test.ts).
AU-34	fixed	d3b1ecc2	GIT_SSH_COMMAND paths shell-quoted; real git with stand-in ssh under a spaced path (tests/git-profiles.test.ts).
PS-14c	fixed	a5abeaa7	Tickets dropped at expiry; at most 8 live per session (tests/terminal-tickets.test.ts).
WK-5a	fixed	wiki@5b6c240	ops/production-tavya: host, SSH, containers, volume, env, previews, operator commands.
WK-5b	fixed	wiki@5b6c240	ops/release-and-deploy: CI → deploy.yml → update, "Update complete at <sha>" proof, rollback, wiki landing.
WK-5c	fixed	wiki@5b6c240	ops/secrets-and-accounts: secret locations and vault item ids (no values).
WK-5d	fixed	wiki@5b6c240	Expiry calendar in ops/secrets-and-accounts (Paddle keys 2026-12-23).
WK-5e	fixed	wiki@dcc0171	general: naming (tavya/karmax/krmax), section map; SPEC overview for architecture.
WK-5f	fixed	wiki@dcc0171	general: memory conventions (Status header, labels, ≤60 lines, planned/features/incidents rules).
WK-5g	fixed	wiki@5b6c240	incidents/lessons table plus ops/diagnostics runbook.
WK-5h	fixed	wiki@5b6c240	ops/providers register (E2B templates, Daytona, Composio, one.com, GitHub App) and ops/billing-paddle.
WK-5i	fixed	wiki@5b6c240	test-fixtures register (S3 project, legibench, karmax-e2e-tests).
WK-5j	fixed	wiki@281f33f	reviews/2026-09-08 open-item tracker; this review's tracker is reviews/2026-09-26.
